,city,latitude,longitude,date,temperature,humidity,cloudiness,wind speed
0,Rikitea,-23.1203,-134.9692,1643609638,77.27,63,100,5.53
1,Dikson,73.5069,80.5464,1643609639,-3.37,94,100,22.3
2,Chicama,-7.8447,-79.1469,1643609639,64.94,85,96,3.36
3,Ushuaia,-54.8,-68.3,1643609639,42.46,75,100,8.05
4,Butaritari,3.0707,172.7902,1643609530,82.06,77,55,18.97
5,Narsaq,60.9167,-46.05,1643609640,21.96,84,100,14.56
6,Mataura,-46.1927,168.8643,1643609641,69.48,60,94,3.98
7,Port Alfred,-33.5906,26.891,1643609641,76.19,79,100,12.44
8,Albany,42.6001,-73.9662,1643609470,4.35,67,20,2.57
9,Fortuna,40.5982,-124.1573,1643609642,49.23,93,100,0.0
10,San Patricio,28.017,-97.5169,1643609642,62.55,83,100,11.77
11,Beloha,-25.1667,45.05,1643609642,83.25,45,20,10.98
12,Sola,-13.8833,167.55,1643609464,80.15,78,100,8.3
13,Semey,50.4111,80.2275,1643609643,14.22,73,0,4.47
14,Kaitangata,-46.2817,169.8464,1643609644,63.91,77,84,4.05
15,Pasni,25.2631,63.471,1643609644,72.48,59,0,8.79
16,Nānākuli,21.3906,-158.1547,1643609645,72.75,68,40,3.44
17,Suslovo,56.2167,88.1167,1643609645,14.52,82,33,2.57
18,Castro,-24.7911,-50.0119,1643609645,62.51,99,100,5.46
19,Gusau,12.1628,6.6614,1643609646,59.49,15,8,16.53
20,Vaini,-21.2,-175.2,1643609646,81.28,70,100,15.46
21,Busselton,-33.65,115.3333,1643609646,78.04,29,92,17.07
22,Sibolga,1.7427,98.7792,1643609647,85.57,66,91,5.59
23,Belle Fourche,44.6714,-103.8522,1643609647,41.04,30,94,7.29
24,Crotone,39.0851,17.1178,1643609648,41.94,69,0,5.19
25,Tilichiki,60.4667,166.1,1643609648,11.03,93,100,10.45
26,George Town,5.4112,100.3354,1643609509,89.89,63,20,8.05
27,Grindavik,63.8424,-22.4338,1643609649,28.87,74,100,6.91
28,Barrow,71.2906,-156.7887,1643609649,-7.58,84,0,13.8
29,Chokurdakh,70.6333,147.9167,1643609649,-23.51,97,63,2.46
30,Leh,34.1667,77.5833,1643609650,13.6,90,98,4.32
31,Salamiyah,35.0113,37.0532,1643609650,44.53,62,100,9.06
32,Mentougou,39.9392,116.0917,1643609651,31.14,22,0,16.75
33,Sisimiut,66.9395,-53.6735,1643609651,1.47,76,93,10.11
34,Cape Town,-33.9258,18.4232,1643609652,71.92,72,0,1.99
35,Khatanga,71.9667,102.5,1643609652,-6.25,99,98,7.23
36,Qaanaaq,77.484,-69.3632,1643609652,-6.9,91,100,5.97
37,Puerto Ayora,-0.7393,-90.3518,1643609653,72.75,85,100,5.48
38,Vanimo,-2.6741,141.3028,1643609653,80.04,75,100,11.48
39,Bowen,-20.0167,148.2333,1643609654,84.42,71,21,13.2
40,Bengkulu,-3.8004,102.2655,1643609615,85.39,64,90,6.91
41,Krasnaya Gorbatka,55.8703,41.7641,1643609654,23.05,96,100,9.6
42,Punta Arenas,-53.15,-70.9167,1643609655,48.31,71,40,14.97
43,Mahibadhoo,3.7833,72.9667,1643609655,82.65,75,3,12.37
44,Jamestown,42.097,-79.2353,1643609577,9.37,100,0,5.75
45,Bluff,-46.6,168.3333,1643609656,69.8,86,97,3.71
46,Hobart,-42.8794,147.3294,1643609371,78.62,58,20,1.01
47,Kavieng,-2.5744,150.7967,1643609656,83.64,69,94,2.51
48,Hermanus,-34.4187,19.2345,1643609377,74.8,76,100,12.8
49,Chui,-33.6971,-53.4616,1643609657,67.68,92,0,8.14
50,Mar del Plata,-38.0023,-57.5575,1643609657,60.87,67,75,5.99
51,Concarneau,47.875,-3.9225,1643609657,45.63,83,85,13.2
52,Goderich,43.7501,-81.7165,1643609658,21.42,73,96,9.22
53,Shubarkuduk,49.1447,56.4872,1643609658,27.34,97,100,12.5
54,Conceição do Araguaia,-8.2578,-49.2647,1643609659,70.63,98,100,2.53
55,Vao,-22.6667,167.4833,1643609659,79.72,78,56,2.8
56,Tasiilaq,65.6145,-37.6368,1643609660,4.8,62,100,6.67
57,Tiksi,71.6872,128.8694,1643609660,-13.59,99,100,3.53
58,Along,28.1667,94.7667,1643609660,68.92,33,2,2.55
59,Morshansk,53.4435,41.8107,1643609661,30.27,97,100,10.83
60,Longyearbyen,78.2186,15.6401,1643609661,8.44,66,40,23.02
61,Lebu,-37.6167,-73.65,1643609662,55.4,77,0,20.07
62,Paracuru,-3.41,-39.0306,1643609662,82.11,85,83,9.62
63,Hilo,19.7297,-155.09,1643609401,68.05,83,75,6.91
64,Ribeira Grande,38.5167,-28.7,1643609663,59.32,73,35,23.17
65,Ust'-Ordynskiy,52.805,104.7508,1643609663,1.24,90,100,0.56
66,Ouégoa,-20.35,164.4333,1643609663,81.39,73,100,7.23
67,Praia,14.9215,-23.5087,1643609664,68.54,83,75,18.41
68,Cockburn Town,21.4612,-71.1419,1643609664,73.44,82,97,18.59
69,Bethel,41.3712,-73.414,1643609665,10.96,70,0,0.0
70,Yellowknife,62.456,-114.3525,1643609665,-12.59,95,100,10.18
71,Olinda,-8.0089,-34.8553,1643609665,82.13,69,40,9.22
72,Sitka,57.0531,-135.33,1643609383,33.69,86,0,0.0
73,Nabire,-3.3667,135.4833,1643609666,83.62,63,98,6.15
74,Ust-Tsilma,65.441,52.1498,1643609666,8.08,95,100,5.26
75,Muros,42.7762,-9.0603,1643609667,43.2,84,2,12.46
76,Inírida,3.8653,-67.9239,1643609667,70.56,64,32,2.13
77,Benjamín Hill,30.1667,-111.1,1643609667,54.46,28,0,7.25
78,Mīnāb,27.1467,57.0801,1643609668,71.1,68,2,3.94
79,New Norfolk,-42.7826,147.0587,1643609465,82.31,37,1,4.0
80,Carlyle,38.6103,-89.3726,1643609545,26.29,77,98,2.8
81,Kahului,20.8947,-156.47,1643609415,71.28,70,75,5.75
82,Okhotsk,59.3833,143.3,1643609669,12.18,78,46,15.35
83,Dunedin,-45.8742,170.5036,1643609669,64.26,81,42,10.74
84,Upernavik,72.7868,-56.1549,1643609670,-12.84,94,100,5.77
85,Labuhan,-6.8844,112.2051,1643609670,84.31,75,95,10.25
86,College,64.8569,-147.8028,1643609670,-28.23,69,0,0.0
87,Alihe,50.5667,123.7167,1643609671,12.22,58,19,4.79
88,Rio Grande,-32.035,-52.0986,1643609671,66.94,76,0,13.71
89,Lüderitz,-26.6481,15.1594,1643609672,64.24,90,66,5.66
90,Waipawa,-41.4122,175.5153,1643609672,63.28,71,13,8.84
91,Klaksvík,62.2266,-6.589,1643609673,34.72,62,99,35.68
92,Ancud,-41.8697,-73.8203,1643609673,44.13,83,13,3.33
93,Kapaa,22.0752,-159.319,1643609673,70.12,70,20,6.91
94,Geraldton,-28.7667,114.6,1643609674,84.61,51,0,24.16
95,Pombia,45.653,8.6336,1643609674,34.59,91,28,6.91
96,Luganville,-15.5333,167.1667,1643609675,81.27,84,100,6.26
97,Grand-Bourg,15.8835,-61.3148,1643609675,71.55,74,9,16.58
98,Nong Khai,17.9167,103.0833,1643609675,89.98,42,58,7.92
99,Dossor,47.5272,52.9811,1643609676,31.75,86,77,6.55
100,Acapulco de Juárez,16.8634,-99.8901,1643609419,76.82,83,20,0.0
101,Carnarvon,-24.8667,113.6333,1643609676,89.67,58,19,20.71
102,Zhanakorgan,43.9098,67.2495,1643609677,31.66,53,100,4.21
103,Ugoofaaru,5.6667,73.0,1643609677,82.56,74,50,12.64
104,Weligama,5.9667,80.4167,1643609677,84.76,67,15,2.77
105,Walvis Bay,-22.9575,14.5053,1643609678,67.15,88,93,5.75
106,Constitución,-35.3333,-72.4167,1643609678,58.8,66,0,7.52
107,Alta Floresta,-9.8756,-56.0861,1643609679,69.39,99,100,2.8
108,Road Town,18.4167,-64.6167,1643609553,75.0,71,5,8.59
109,Kitui,-1.367,38.0106,1643609679,69.39,75,85,3.09
110,Mana,5.6592,-53.7767,1643609680,75.13,88,50,9.08
111,Brae,60.3964,-1.353,1643609680,39.11,52,100,31.27
112,Manta,-0.95,-80.7333,1643609680,74.98,88,75,2.3
113,Linaon,9.9499,122.4483,1643609681,83.34,72,53,13.56
114,Tsiroanomandidy,-18.7667,46.0333,1643609681,75.96,69,1,3.29
115,Bredasdorp,-34.5322,20.0403,1643609681,72.72,83,100,9.22
116,Westport,41.1415,-73.3579,1643609682,15.55,68,0,1.99
117,Rocha,-34.4833,-54.3333,1643609682,65.37,93,1,9.17
118,Yumen,40.2833,97.2,1643609683,23.07,26,100,11.05
119,Pangody,65.85,74.4859,1643609683,-3.71,97,95,8.19
120,Tuatapere,-46.1333,167.6833,1643609683,69.82,82,97,4.45
121,Arrondissement de Riom,45.9167,2.9167,1643609684,36.25,94,66,7.09
122,Nemuro,43.3236,145.575,1643609450,19.92,46,36,16.31
123,Campos dos Goytacazes,-21.75,-41.3,1643609684,73.51,97,99,5.08
124,Sucúa,-2.4667,-78.1667,1643609685,67.08,97,100,3.36
125,Guerrero Negro,27.9769,-114.0611,1643609459,59.49,70,71,9.37
126,Severo-Kuril'sk,50.6789,156.125,1643609685,28.56,81,98,14.2
127,Urubichá,-15.3833,-62.95,1643609686,70.65,99,61,2.95
128,Shimoda,34.6667,138.95,1643609686,46.45,65,90,8.5
129,Namatanai,-3.6667,152.4333,1643609686,83.62,74,95,5.57
130,Marsá Maţrūḩ,31.3525,27.2453,1643609687,57.11,65,20,20.62
131,Troitskoye,52.9821,84.6757,1643609687,15.37,85,40,2.28
132,Sorong,-0.8833,131.25,1643609688,83.1,68,94,15.75
133,Krasnosel'kup,65.7,82.4667,1643609688,5.83,94,99,10.8
134,Arraial do Cabo,-22.9661,-42.0278,1643609688,74.25,96,100,6.85
135,Bonthe,7.5264,-12.505,1643609689,73.83,93,2,2.77
136,San Carlos,9.6612,-68.5827,1643609689,68.11,72,26,4.34
137,Clyde River,70.4692,-68.5914,1643609689,-32.57,68,0,4.61
138,Ejido,8.5514,-71.2375,1643609690,64.4,91,100,1.77
139,Saint-Augustin,51.226,-58.6502,1643609468,1.9,91,64,8.25
140,Ilulissat,69.2167,-51.1,1643609690,-4.07,49,38,20.69
141,Bartlesville,36.7473,-95.9808,1643609691,29.5,69,0,0.0
142,Pisco,-13.7,-76.2167,1643609691,68.05,88,0,9.22
143,Broken Hill,-31.95,141.4333,1643609691,89.6,39,99,4.54
144,Tessalit,20.1986,1.0114,1643609692,62.15,18,2,8.1
145,Port Hedland,-20.3167,118.5667,1643609692,93.25,59,100,20.71
146,Henties Bay,-22.116,14.2845,1643609693,66.85,79,81,6.69
147,Abu Samrah,35.3029,37.1841,1643609693,44.33,64,100,3.33
148,Cherskiy,68.75,161.3,1643609694,-27.94,100,75,2.48
149,San Cristobal,7.7669,-72.225,1643609694,62.4,89,72,2.77
150,Qui Nhon,13.7667,109.2333,1643609694,78.8,74,77,8.41
151,Opportunity,47.6499,-117.2399,1643609695,34.86,86,100,3.0
152,Elizabeth City,36.2946,-76.2511,1643609695,30.07,80,100,0.0
153,Airai,-8.9266,125.4092,1643609624,69.17,71,93,7.58
154,Vrede,-27.4257,29.1659,1643609696,62.65,91,98,2.57
155,Atambua,-9.1061,124.8925,1643609696,79.18,78,79,12.46
156,Mount Isa,-20.7333,139.5,1643609696,76.77,100,75,1.14
157,Russell,32.3502,-85.1999,1643609697,37.83,87,0,0.0
158,Teshie,5.5836,-0.1072,1643609697,77.56,50,49,4.61
159,Kyshtovka,56.555,76.6271,1643609698,14.76,94,98,10.4
160,Opuwo,-18.0607,13.84,1643609698,63.21,54,98,3.24
161,Igrim,63.1906,64.4162,1643609698,-9.6,100,100,3.15
162,Avarua,-21.2078,-159.775,1643609699,77.05,83,75,10.36
163,Bambous Virieux,-20.3428,57.7575,1643609461,84.45,74,75,14.97
164,Yulara,-25.2406,130.9889,1643609699,85.84,62,75,5.75
165,Laguna,38.421,-121.4238,1643609700,45.5,85,0,0.0
166,Ponta do Sol,32.6667,-17.1,1643609700,64.0,77,0,10.4
167,Comodoro Rivadavia,-45.8667,-67.5,1643609701,55.26,38,0,16.11
168,Saint Paul Harbor,57.79,-152.4072,1643609701,20.71,79,0,4.61
169,Maple Creek,49.9168,-109.4848,1643609701,41.14,56,86,14.97
170,Avera,33.194,-82.5271,1643609702,37.94,87,2,7.05
171,Debre Birhan,9.6833,39.5333,1643609702,55.8,28,77,3.69
172,Iqaluit,63.7506,-68.5145,1643609703,-23.31,74,20,5.99
173,Te Anau,-45.4167,167.7167,1643609703,72.39,66,98,4.5
174,Nikolskoye,59.7035,30.7861,1643609703,25.7,97,100,4.65
175,Griffith,41.5284,-87.4237,1643609704,27.36,68,100,0.0
176,Bilibino,68.0546,166.4372,1643609704,-7.74,95,82,4.45
177,Kédougou,12.5579,-12.1743,1643609705,74.03,20,8,2.95
178,East London,-33.0153,27.9116,1643609626,76.14,83,0,5.75
179,Atuona,-9.8,-139.0333,1643609705,78.12,75,9,15.41
180,Half Moon Bay,37.4636,-122.4286,1643609706,48.69,88,100,0.0
181,Richards Bay,-28.783,32.0377,1643609706,76.98,77,96,8.43
182,Am Timan,11.0297,20.2827,1643609707,65.39,19,18,6.2
183,Hithadhoo,-0.6,73.0833,1643609707,82.51,70,8,10.38
184,Araouane,18.9048,-3.5265,1643609707,65.77,19,16,11.88
185,San Ramon,37.7799,-121.978,1643609684,46.47,88,20,1.01
186,Lorengau,-2.0226,147.2712,1643609708,81.28,81,100,15.93
187,Zakamensk,50.3741,103.2863,1643609709,10.56,67,28,3.04
188,Glens Falls,43.3095,-73.644,1643609326,7.05,72,100,0.0
189,Narón,43.5167,-8.1528,1643609709,43.07,82,36,9.8
190,Bereda,43.2686,-7.5406,1643609709,41.94,100,95,7.18
191,Port Elizabeth,-33.918,25.5701,1643609710,71.89,88,20,5.75
192,Mormugao,15.4,73.8,1643609710,81.14,49,1,5.23
193,Jaicós,-7.3592,-41.1378,1643609711,70.84,64,27,2.86
194,Aksarka,66.5606,67.7975,1643609711,-4.04,98,99,3.62
195,Pevek,69.7008,170.3133,1643609536,-20.06,100,94,2.98
196,Alto Araguaia,-17.3147,-53.2153,1643609712,68.25,98,100,9.04
197,Hammerfest,70.6634,23.6821,1643609712,27.05,68,40,4.61
198,Arrondissement de Dieppe,49.75,1.1667,1643609712,44.01,81,99,8.99
199,Soyo,-6.1349,12.3689,1643609713,78.78,84,99,2.42
200,Carlisle,40.2015,-77.1889,1643609713,20.32,67,95,2.35
201,Buala,-8.145,159.5921,1643609713,83.26,77,99,3.58
202,Payo,-3.7508,103.6372,1643609714,82.26,73,100,1.21
203,Rapid Valley,44.0625,-103.1463,1643609714,36.72,44,0,1.01
204,Guymon,36.6828,-101.4816,1643609637,28.6,40,0,3.44
205,Yangi Marg`ilon,40.4272,71.7189,1643609715,32.72,93,100,2.3
206,Alakurtti,66.9672,30.3491,1643609715,3.27,98,98,4.0
207,Lumphat,13.4878,106.9816,1643609716,95.49,32,24,4.45
208,Iskateley,67.6803,53.1512,1643609716,10.2,94,100,11.72
209,The Valley,18.217,-63.0578,1643609716,76.86,76,6,17.54
210,Saint-Philippe,-21.3585,55.7679,1643609717,82.89,83,86,13.85
211,Aklavik,68.2191,-135.0107,1643609717,4.03,82,100,12.06
212,Jesús Carranza,17.4333,-95.0333,1643609718,61.0,96,4,1.32
213,Torbay,47.6666,-52.7314,1643609718,34.74,84,93,4.0
214,Mount Gambier,-37.8333,140.7667,1643609542,82.08,35,2,11.18
215,Wanning,18.8003,110.3967,1643609719,69.71,88,100,9.48
216,Baykit,61.67,96.37,1643609719,3.63,93,97,1.05
217,Port Hardy,50.6996,-127.4199,1643609720,35.78,93,100,5.75
218,Katsuura,35.1333,140.3,1643609720,48.22,32,91,8.41
219,Karratha,-20.7377,116.8463,1643609621,93.02,50,76,22.7
220,Karema,-6.8205,30.4389,1643609721,71.08,88,100,2.1
221,Adrar,20.5022,-10.0711,1643609721,69.57,15,100,11.81
222,Ambulu,-8.345,113.6058,1643609721,84.54,70,100,6.67
223,São João da Barra,-21.6403,-41.0511,1643609722,74.41,94,95,6.46
224,Beringovskiy,63.05,179.3167,1643609722,-2.07,96,100,11.03
225,Anadyr,64.75,177.4833,1643609723,-1.7,78,0,4.47
226,Ludza,56.55,27.7167,1643609723,27.09,99,100,1.12
227,Candolim,15.5181,73.7626,1643609724,81.68,48,2,5.95
228,Petropavlovsk-Kamchatskiy,53.0452,158.6483,1643609724,21.79,100,40,4.47
229,Cidreira,-30.1811,-50.2056,1643609702,71.42,75,0,15.99
230,Ola,59.5833,151.2833,1643609724,5.72,80,85,16.73
231,Yerbogachën,61.2767,108.0108,1643609725,-5.49,95,97,5.48
232,Abū Zabad,12.35,29.25,1643609725,59.63,21,0,16.33
233,Viedma,-40.8135,-62.9967,1643609726,56.28,44,56,6.51
234,Preobrazheniye,42.9019,133.9064,1643609726,22.1,40,3,7.02
235,Chardara,41.2547,67.9692,1643609726,38.86,52,70,5.28
236,Grand Gaube,-20.0064,57.6608,1643609727,86.38,63,73,8.99
237,Saint George,37.1041,-113.5841,1643609727,41.49,31,0,8.05
238,Saint-François,46.4154,3.9054,1643609727,40.44,93,100,10.36
239,Jiwani,25.05,61.7417,1643609728,74.35,66,0,15.1
240,Stornoway,58.2093,-6.3865,1643609728,35.28,86,75,3.0
241,Udachny,66.4167,112.4,1643609729,-25.89,99,74,3.09
242,Port-Gentil,-0.7193,8.7815,1643609654,80.67,78,87,6.44
243,Mahébourg,-20.4081,57.7,1643609729,84.49,74,75,14.97
244,Severnyy,50.677,36.5532,1643609730,30.24,93,100,11.18
245,Mackay,-21.15,149.2,1643609730,87.67,68,27,9.15
246,Faanui,-16.4833,-151.75,1643609543,80.94,72,6,9.35
247,Mossamedes,-15.1961,12.1522,1643609731,70.66,74,94,1.95
248,Jiangyou,31.7667,104.7167,1643609731,47.52,50,100,5.03
249,Vostok,46.4856,135.8833,1643609731,2.84,85,56,4.38
250,Port Blair,11.6667,92.75,1643609732,80.64,61,40,9.22
251,Cabo San Lucas,22.8909,-109.9124,1643609663,67.93,79,88,1.01
252,Porosozero,62.7191,32.727,1643609732,13.75,96,100,7.49
253,Puerto Escondido,15.85,-97.0667,1643609733,75.61,80,5,4.18
254,Cotonou,6.3654,2.4183,1643609733,69.78,68,73,3.44
255,Port Augusta,-32.5,137.7667,1643609734,98.71,38,93,6.8
256,Salalah,17.0151,54.0924,1643609534,75.29,60,0,2.3
257,Carolina,18.3808,-65.9574,1643609734,69.91,89,0,0.0
258,Gemena,3.25,19.7667,1643609735,72.41,31,93,5.06
259,Shenjiamen,29.9576,122.298,1643609735,43.14,58,56,10.04
260,Pimentel,-6.8367,-79.9342,1643609735,69.3,85,99,10.25
261,Marang,5.2056,103.2059,1643609736,85.91,62,46,6.11
262,Kloulklubed,7.0419,134.2556,1643609736,84.7,69,96,12.97
263,Shingū,33.7333,135.9833,1643609737,46.9,33,4,7.65
264,Buin,-33.7333,-70.75,1643609737,68.95,76,0,1.52
265,Leningradskiy,69.3833,178.4167,1643609737,-15.74,93,88,5.17
266,Ostrovnoy,68.0531,39.5131,1643609738,6.48,96,86,8.9
267,Tual,-5.6667,132.75,1643609738,83.68,78,100,22.17
268,Cravo Norte,6.3017,-70.2041,1643609738,75.96,44,10,5.68
269,Douglas,41.3,-96.167,1643609739,34.38,63,75,1.99
270,Khandyga,62.6667,135.6,1643609740,-25.1,96,97,1.1
271,North Bend,43.4065,-124.2243,1643609519,44.53,99,100,8.05
272,Pangnirtung,66.1451,-65.7125,1643609740,-23.58,85,64,5.93
273,Senahú,15.4,-89.8333,1643609740,48.49,99,66,2.26
274,Hasaki,35.7333,140.8333,1643609741,48.6,24,25,4.72
275,Tokur,53.1333,132.9,1643609741,3.47,82,56,1.83
276,Vila,42.0304,-8.1588,1643609742,33.42,57,0,4.36
277,Isangel,-19.55,169.2667,1643609742,80.71,94,100,3.44
278,Hanko,59.8333,22.95,1643609742,20.93,87,100,19.55
279,Deputatsky,69.3,139.9,1643609743,-23.22,100,73,2.35
280,Wangqing,43.3218,129.7634,1643609743,19.17,55,2,2.8
281,Marabba,12.35,32.1833,1643609744,65.32,16,0,15.35
282,Coyhaique,-45.5752,-72.0662,1643609528,48.15,61,20,3.44
283,Dunmore East,52.1514,-6.9861,1643609744,43.81,70,97,18.52
284,Paraúna,-16.9478,-50.4486,1643609744,68.14,96,100,7.56
285,Katobu,-4.9408,122.5276,1643609745,90.25,50,96,7.0
286,Bangsund,64.3968,11.3949,1643609745,22.91,93,40,11.5
287,Saldanha,-33.0117,17.9442,1643609746,70.97,67,99,5.01
288,Västerås,59.6162,16.5528,1643609746,24.46,68,40,4.61
289,Creston,41.0586,-94.3614,1643609746,21.38,100,0,10.36
290,Souillac,-20.5167,57.5167,1643609747,84.58,74,75,14.97
291,Shonguy,68.7526,33.146,1643609747,8.67,92,75,0.0
292,Padang,-0.9492,100.3543,1643609748,85.05,70,85,6.42
293,Yeppoon,-23.1333,150.7333,1643609748,91.18,66,60,12.03
294,Várzea da Palma,-17.5981,-44.7308,1643609748,69.66,86,100,2.44
295,Kieta,-6.2167,155.6333,1643609749,84.33,73,100,7.05
296,Lavrentiya,65.5833,-171.0,1643609749,-9.6,92,13,4.16
297,Haines Junction,60.7522,-137.5108,1643609750,-4.05,77,65,1.14
298,Vardø,70.3705,31.1107,1643609750,21.4,74,55,15.43
299,Stokmarknes,68.5646,14.9108,1643609750,30.18,80,75,20.71
300,São Filipe,14.8961,-24.4956,1643609751,71.58,74,100,8.95
301,Takanosu,40.2219,140.3694,1643609751,25.43,86,75,12.66
302,Coahuayana Viejo,18.7333,-103.6833,1643609752,67.84,72,0,4.36
303,Tarquinia,42.2482,11.7553,1643609752,43.32,90,9,4.9
304,Qingyuan,23.7,113.0333,1643609753,48.18,66,100,7.29
305,Urdoma,61.7533,48.5442,1643609753,-3.42,100,76,3.38
306,Patnanungan,14.7833,122.1833,1643609753,78.31,80,46,21.05
307,Portobelo,9.55,-79.65,1643609754,74.03,81,23,11.72
308,Lompoc,34.6391,-120.4579,1643609754,48.42,88,0,0.0
309,Puerto del Rosario,28.5004,-13.8627,1643609754,60.55,55,0,6.91
310,Novomykolayivka,47.9781,35.9102,1643609755,32.25,95,84,17.56
311,Berlevåg,70.8578,29.0864,1643609755,30.15,80,86,11.5
312,Tuktoyaktuk,69.4541,-133.0374,1643609756,-0.4,78,100,23.02
313,Gizo Government Station,-8.103,156.8419,1643609756,85.39,69,92,4.56
314,Mehamn,71.0357,27.8492,1643609756,26.87,100,100,9.22
315,Coquimbo,-29.9533,-71.3436,1643609757,63.84,86,38,1.74
316,Aginskoye,51.1,114.53,1643609757,3.07,77,11,11.99
317,Aykhal,66.0,111.5,1643609758,-19.28,99,55,4.63
318,Praia da Vitória,38.7333,-27.0667,1643609758,59.25,77,75,23.89
319,Porto Empedocle,37.2934,13.5264,1643609758,51.89,86,12,10.47
320,Iracoubo,5.4802,-53.2011,1643609759,75.36,88,66,9.69
321,Umluj,25.0213,37.2685,1643609759,64.45,54,100,5.79
322,La Ronge,55.1001,-105.2842,1643609759,8.85,92,100,4.61
323,Santa Fe,-31.6333,-60.7,1643609505,75.02,57,0,2.93
324,Korem,12.5058,39.5228,1643609760,53.85,55,3,3.29
325,Cartagena,10.3997,-75.5144,1643609493,76.62,78,20,10.36
326,Nanortalik,60.1432,-45.2371,1643609529,24.26,73,99,20.83
327,Mount Darwin,-16.7725,31.5838,1643609761,67.86,90,21,5.57
328,Revelstoke,50.9832,-118.2023,1643609759,32.02,93,100,2.3
329,Chumikan,54.7183,135.315,1643609761,5.99,76,97,18.9
330,Tura,25.5198,90.2201,1643609762,69.1,35,2,4.7
331,Belaya Gora,68.5333,146.4167,1643609762,-25.83,100,97,0.74
332,Alofi,-19.0595,-169.9187,1643609762,76.89,83,100,3.44
333,Charters Towers,-20.1,146.2667,1643609763,91.06,43,26,20.29
334,Los Llanos de Aridane,28.6585,-17.9182,1643609763,55.15,67,0,9.22
335,Watsa,3.0372,29.5355,1643609764,72.9,31,99,2.77
336,Lakes Entrance,-37.8811,147.981,1643609764,76.15,77,15,7.76
337,Nome,64.5011,-165.4064,1643609764,-0.33,65,0,0.0
338,Sampit,-2.5333,112.95,1643609765,94.14,44,94,1.95
339,North Las Vegas,36.1989,-115.1175,1643609515,49.53,19,0,5.75
340,Halifax,44.6453,-63.5724,1643609696,17.38,79,85,1.99
341,Qaqortoq,60.7167,-46.0333,1643609765,22.78,69,100,17.38
342,Tahe,52.3333,124.7333,1643609766,9.12,65,84,8.97
343,Akdepe,42.0551,59.3788,1643609766,30.29,62,100,11.56
344,Itarema,-2.9248,-39.9167,1643609767,76.75,87,99,8.39
345,Srandakan,-7.9386,110.2506,1643609767,73.72,70,76,9.06
346,Norman Wells,65.282,-126.8329,1643609549,-14.76,76,75,6.91
347,Esperance,-33.8667,121.9,1643609768,64.24,76,79,24.61
348,Honiara,-9.4333,159.95,1643609768,84.0,76,63,4.97
349,Kumul,42.8,93.45,1643609768,28.85,30,93,6.69
350,San Quintín,30.4833,-115.95,1643609769,57.76,68,0,8.08
351,Alyangula,-13.8483,136.4192,1643609769,78.67,94,75,10.36
352,Oriximiná,-1.7656,-55.8661,1643609770,72.37,97,82,3.31
353,Reconquista,-29.15,-59.65,1643609770,68.92,49,0,5.95
354,Yaring,6.8662,101.3689,1643609770,84.24,62,61,11.92
355,Prince Rupert,54.3161,-130.3201,1643609771,35.69,93,100,5.75
356,Belmonte,-15.8631,-38.8828,1643609771,77.5,88,30,7.52
357,Ponta Delgada,37.7333,-25.6667,1643609772,59.72,72,40,18.41
358,Mataram,-8.5833,116.1167,1643609773,90.41,73,100,8.19
359,Warangal,18.0,79.5833,1643609773,81.48,18,1,5.06
360,Zhuhai,22.2769,113.5678,1643609773,55.33,67,40,19.57
361,Steinbach am Taunus,50.1667,8.5667,1643609774,36.1,91,100,19.57
362,Hobyo,5.3505,48.5268,1643609774,79.2,73,100,17.29
363,Pangkalanbuun,-2.6833,111.6167,1643609775,95.31,40,91,2.39
364,Vallenar,-28.5708,-70.7581,1643609775,63.09,75,0,3.56
365,Stephenville,32.2207,-98.2023,1643609775,49.3,48,0,0.0
366,Nsoko,-27.0333,31.95,1643609776,75.83,79,89,3.04
367,Thompson,55.7435,-97.8558,1643609776,-5.64,84,75,4.61
368,Meulaboh,4.1363,96.1285,1643609777,86.43,61,75,5.93
369,Muisne,0.6,-80.0333,1643609778,74.39,88,100,1.14
370,Guarapari,-20.6667,-40.4975,1643609778,76.89,86,63,2.51
371,Tonj,7.2737,28.6822,1643609778,73.94,19,35,8.25
372,Provideniya,64.3833,-173.3,1643609779,6.64,79,81,14.0
373,Saint Anthony,45.0205,-93.218,1643609779,12.27,82,0,1.99
374,Fairview,40.8126,-73.999,1643609780,16.68,66,75,5.75
375,Nogliki,51.8333,143.1667,1643609780,12.25,91,100,19.08
376,Tarko-Sale,64.9225,77.785,1643609781,6.03,91,100,9.4
377,Valleyview,55.0667,-117.2859,1643609650,6.71,95,100,15.59
378,Huanren,41.2647,125.3667,1643609781,25.25,42,100,1.97
379,Inta,66.0317,60.1659,1643609782,2.41,91,99,4.27
380,Fomboni,-12.28,43.7425,1643609782,82.36,71,14,5.59
381,Junín,-34.5838,-60.9433,1643609740,60.1,90,19,14.88
382,Río Gallegos,-51.6226,-69.2181,1643609783,46.45,66,0,13.8
383,Cockeysville,39.4812,-76.6439,1643609783,24.4,75,78,4.83
384,Tiarei,-17.5333,-149.3333,1643609784,80.62,78,76,15.95
385,Erzin,36.9559,36.2,1643609784,41.72,83,100,7.27
386,Cantagallo,7.376,-73.9196,1643609785,72.52,91,83,1.39
387,Nenagh,52.8619,-8.1967,1643609785,42.78,75,74,12.48
388,Shitanjing,39.2342,106.3439,1643609785,18.88,21,17,3.8
389,Jérémie,18.65,-74.1167,1643609786,73.78,85,69,7.65
390,Caxito,-8.5785,13.6643,1643609786,75.38,91,100,3.49
391,Sinnamary,5.3833,-52.95,1643609787,75.51,88,79,9.8
392,Lubang,13.8584,120.124,1643609787,82.63,75,30,20.18
393,Hambantota,6.1241,81.1185,1643609788,85.62,65,17,12.21
394,Acajutla,13.5928,-89.8275,1643609788,68.81,59,1,8.9
395,Orange Cove,36.6244,-119.3137,1643609789,44.15,60,32,3.18
396,Huarmey,-10.0681,-78.1522,1643609789,69.64,90,97,6.64
397,Assiut,27.181,31.1837,1643609789,49.28,54,6,8.61
398,Uthal,25.8072,66.6219,1643609790,74.53,56,0,4.23
399,Touros,-5.1989,-35.4608,1643609790,79.7,81,16,12.06
400,Havøysund,70.9963,24.6622,1643609791,30.43,81,100,15.75
401,Būrewāla,30.1667,72.65,1643609701,71.69,18,0,3.56
402,Portland,45.5234,-122.6762,1643609704,42.08,89,100,1.01
403,Nago,26.5881,127.9761,1643609791,62.51,55,47,13.96
404,Talnakh,69.4865,88.3972,1643609792,-3.8,91,90,9.24
405,Pecos,31.4229,-103.4932,1643609792,46.67,81,0,8.05
406,Gamba,-2.65,10.0,1643609792,77.65,86,100,1.21
407,Sarangani,5.4033,125.4636,1643609793,82.29,75,98,16.44
408,Tiznit Province,29.5833,-9.5,1643609793,59.88,39,80,12.86
409,Mogok,22.9167,96.5,1643609794,67.98,31,5,3.15
410,Harper,4.375,-7.7169,1643609794,77.23,87,32,4.23
411,Presidente Epitácio,-21.7633,-52.1156,1643609794,71.46,95,100,6.13
412,Chastyye,57.2888,54.9728,1643609795,16.56,95,96,2.98
413,Hong Kong,22.2855,114.1577,1643609656,57.92,73,97,1.99
414,Grootfontein,-19.5667,18.1167,1643609795,63.97,94,75,6.91
415,Diffa,13.3154,12.6113,1643609597,56.48,26,15,10.04
416,Martil,35.6166,-5.2752,1643609796,48.16,87,20,5.75
417,Santiago del Estero,-27.7951,-64.2615,1643609748,72.97,44,42,4.9
418,Pascagoula,30.3658,-88.5561,1643609673,46.83,90,0,0.0
419,Khovd,48.0056,91.6419,1643609797,-6.21,84,22,3.67
420,Kununurra,-15.7667,128.7333,1643609797,78.78,94,100,13.8
421,Gornopravdinsk,60.05,69.9,1643609797,9.03,92,100,5.39
422,Niquero,20.0431,-77.5828,1643609798,68.68,73,100,18.84
423,Saskylakh,71.9167,114.0833,1643609798,-25.13,100,94,2.91
424,Morón,-34.6534,-58.6198,1643609799,70.68,78,46,4.0
425,Luba,3.4568,8.5547,1643609799,79.99,71,100,3.27
426,Yalta,44.5,34.1667,1643609799,41.76,80,75,9.8
427,Husavik,66.0449,-17.3389,1643609800,21.11,64,93,16.11
428,Kanigiri,15.4,79.5167,1643609800,82.49,46,4,3.62
429,Verkhoyansk,67.5447,133.385,1643609800,-33.32,100,84,1.21
430,Kupang,-10.1667,123.5833,1643609801,88.38,70,75,16.11
431,Mayāng Imphāl,24.6167,93.8833,1643609801,66.65,35,1,1.97
432,Amos,48.5669,-78.1162,1643609802,-8.77,100,100,2.21
433,Kruisfontein,-34.0033,24.7314,1643609802,72.88,69,91,5.68
434,Hualmay,-11.0964,-77.6139,1643609803,69.55,87,100,6.26
435,Tsalenjikha,42.6044,42.0682,1643609803,41.22,70,97,5.44
436,Contamana,-7.3333,-75.0167,1643609803,70.16,99,94,2.08
437,Santa Cruz de la Sierra,-17.8,-63.1667,1643609804,74.66,88,18,8.05
438,Port Hawkesbury,45.6169,-61.3485,1643609804,22.05,77,100,7.0
439,Teya,60.3778,92.6267,1643609804,10.51,91,100,3.06
440,Kadrina,59.3347,26.145,1643609805,24.67,95,100,12.17
441,Rosarito,32.3333,-117.0333,1643609805,53.2,74,6,4.0
442,Valparaíso,-33.0393,-71.6273,1643609806,65.48,66,0,0.0
443,Lichinga,-13.3128,35.2406,1643609806,66.29,94,75,12.66
444,Margate,51.3813,1.3862,1643609806,42.89,72,63,8.99
445,Khojaly District,39.913,46.7903,1643609807,41.09,43,2,3.06
446,Dingle,10.9995,122.6711,1643609807,84.67,69,49,9.51
447,Nuevitas,21.5453,-77.2644,1643609808,65.64,64,98,8.59
448,Forestville,38.8451,-76.875,1643609808,25.66,69,100,4.61
449,Codrington,-38.2667,141.9667,1643609808,75.58,66,2,11.61
450,Sittwe,20.15,92.9,1643609809,73.69,37,7,7.34
451,Timrå,62.487,17.3257,1643609809,17.28,86,12,10.36
452,Sabinas,27.85,-101.1167,1643609809,55.78,71,95,5.64
453,Bara,10.3744,10.7288,1643609810,56.82,24,48,7.45
454,Drovyanaya,51.5833,113.0333,1643609810,-0.62,79,76,4.68
455,Ahipara,-35.1667,173.1667,1643609811,71.53,72,100,13.29
456,Sur,22.5667,59.5289,1643609811,76.33,50,0,2.46
457,Rognan,67.0953,15.3878,1643609811,19.04,86,89,7.67
458,San Jose de Guanipa,8.8872,-64.1651,1643609812,71.47,80,65,10.78
459,Talara,-4.5772,-81.2719,1643609812,71.29,84,100,9.57
460,Kaeo,-35.1,173.7833,1643609813,70.32,85,100,13.87
461,Lagan,45.3929,47.3707,1643609813,36.77,80,17,8.84
462,Sosnogorsk,63.6023,53.8817,1643609813,-3.73,99,70,3.58
463,Pucallpa,-8.3791,-74.5539,1643609814,69.42,96,100,2.24
464,Kashgar,39.4547,75.9797,1643609814,33.01,34,40,6.71
465,Ojinaga,29.5667,-104.4167,1643609535,59.95,55,0,4.61
466,Arlit,18.7369,7.3853,1643609815,54.25,19,2,9.86
467,Xining,36.6167,101.7667,1643609518,20.53,44,53,1.92
468,Meghradzor,40.6061,44.6515,1643609815,21.22,93,64,7.99
469,Natá,8.3333,-80.5167,1643609816,74.46,82,29,9.31
470,Vila Franca do Campo,37.7167,-25.4333,1643609816,58.19,81,75,14.34
471,Bubaque,11.2833,-15.8333,1643609629,77.07,69,32,7.85
472,Kalmunai,7.4167,81.8167,1643609817,82.62,70,54,14.16
473,Caçapava do Sul,-30.5122,-53.4914,1643609817,62.56,84,26,2.62
474,Nichinan,31.6,131.3667,1643609818,53.28,43,1,1.52
475,Safi,32.2994,-9.2372,1643609818,62.98,54,42,8.3
476,Vredendal,-31.6683,18.5012,1643609818,81.16,39,63,4.05
477,Warmbad,-28.45,18.7333,1643609819,80.08,53,61,16.67
478,Maceió,-9.6658,-35.7353,1643609819,76.44,94,40,2.3
479,Samarai,-10.6167,150.6667,1643609820,83.68,72,100,18.95
480,El Tigre,8.8875,-64.2454,1643609820,71.17,80,60,10.87
481,Luanda,-8.8368,13.2343,1643609720,76.55,86,98,8.55
482,Arman',59.7,150.1667,1643609821,5.47,77,100,16.87
483,Asău,46.4333,26.4,1643609821,32.92,72,36,13.56
484,Bandarbeyla,9.4942,50.8122,1643609821,78.55,72,83,18.25
485,Gushikawa,26.3544,127.8686,1643609822,61.66,57,75,18.41
486,Chongwe,-15.3292,28.682,1643609822,63.93,97,82,2.66
487,Sharlyk,52.9167,54.75,1643609823,22.62,97,97,8.34
488,West Fargo,46.875,-96.9004,1643609771,10.9,80,0,5.01
489,Tezu,27.9167,96.1667,1643609823,70.18,30,4,4.54
490,Susanville,40.4163,-120.653,1643609824,30.45,77,0,0.0
491,Poya,-21.35,165.15,1643609824,82.51,69,95,6.58
492,Lobito,-12.3481,13.5456,1643609824,75.6,82,100,1.95
493,Zambezi,-13.5432,23.1047,1643609825,66.36,89,87,3.8
494,Şuraabad,40.8192,49.4687,1643609825,41.18,77,6,7.81
495,Ambilobe,-13.2,49.05,1643609826,82.29,78,87,0.98
496,Opotiki,-38.0833,177.2833,1643609826,69.73,76,60,6.71
497,Chaoyang,41.5703,120.4586,1643609827,21.88,88,100,13.71
498,Itupiranga,-5.1347,-49.3267,1643609827,77.32,98,100,2.62
499,Rājbirāj,26.5333,86.75,1643609827,69.49,38,0,6.33
500,Marsh Harbour,26.5412,-77.0636,1643609828,63.01,59,80,10.42
501,Kichera,55.9375,110.0997,1643609828,-0.29,93,98,1.72
502,Ilmatsalu,58.3881,26.5593,1643609829,26.31,85,100,5.75
503,Jieshi,22.8134,115.8257,1643609829,53.94,62,95,12.26
504,Aden,12.7794,45.0367,1643609829,77.56,61,86,17.16
505,Sochós,40.8167,23.35,1643609830,34.7,81,0,7.0
506,Yakeshi,49.2833,120.7333,1643609830,-6.5,91,94,5.53
507,Kirakira,-10.4544,161.9205,1643609706,83.77,76,60,6.29
508,Santa Isabel Rio Negro,-0.4139,-65.0192,1643609831,75.07,83,99,1.95
509,Togur,58.3631,82.8265,1643609831,11.17,94,85,7.74
510,Skibbereen,51.55,-9.2667,1643609831,44.4,73,91,17.47
511,Puerto Limón,10.0,-83.0333,1643609832,73.29,80,14,4.03
512,Ierapetra,35.01,25.7353,1643609832,53.15,76,52,11.01
513,Brownwood,31.7093,-98.9912,1643609833,49.95,50,75,0.0
514,São José da Coroa Grande,-8.8978,-35.1478,1643609833,77.36,82,33,4.83
515,Cayenne,4.9333,-52.3333,1643609833,79.09,88,40,1.01
516,Frutal,-20.0247,-48.9406,1643609834,70.14,95,100,10.36
517,Kargil,34.5667,76.1,1643609835,12.56,82,100,1.59
518,Neuquén,-38.9516,-68.0591,1643609835,60.69,44,0,9.22
519,Ko Samui,9.5357,99.9357,1643609835,87.71,62,20,12.66
520,Camacha,33.0833,-16.3333,1643609836,60.22,82,20,20.71
521,Pierre,44.3683,-100.351,1643609645,35.87,58,0,8.05
522,Benjamin Constant,-4.3831,-70.0311,1643609836,75.33,84,100,2.42
523,Sabang,5.8933,95.3214,1643609837,81.63,76,83,11.43
524,Hokitika,-42.7167,170.9667,1643609837,68.0,59,74,4.79
525,Bathsheba,13.2167,-59.5167,1643609837,77.61,83,75,14.97
526,Mogadouro,41.3403,-6.7119,1643609838,34.18,63,1,2.53
527,Kingsport,36.5484,-82.5618,1643609838,26.96,79,0,1.99
528,Clifton,40.8584,-74.1638,1643609607,15.84,71,0,0.0
529,Kiunga,-6.1219,141.2906,1643609839,90.82,51,94,1.68
530,Tazmalt,36.3868,4.3989,1643609839,45.97,37,0,3.51
531,Turukhansk,65.8167,87.9833,1643609839,1.45,93,99,12.35
532,Flinders,-34.5833,150.8552,1643609840,82.74,71,28,4.0
533,Nouadhibou,20.931,-17.0347,1643609840,64.38,72,100,19.57
534,Ketchikan,55.3422,-131.6461,1643609841,34.27,93,75,0.0
