,city,lat,long,Country,date,temperature,humidity,cloudiness,wind speed
0,Luorong,24.4058,109.6086,CN,1645501199,41.47,79,100,10.36
1,Yellowknife,62.456,-114.3525,CA,1645501200,-17.64,83,20,6.91
2,Pāsighāt,28.0667,95.3333,IN,1645501200,66.36,44,53,2.86
3,Ushuaia,-54.8,-68.3,AR,1645501201,51.46,100,75,24.16
4,Port Macquarie,-31.4333,152.9167,AU,1645501201,75.09,78,75,4.61
5,Cape Town,-33.9258,18.4232,ZA,1645500491,61.88,81,0,8.05
6,Acaraú,-2.8856,-40.12,BR,1645501202,78.62,82,5,11.61
7,Cabo San Lucas,22.8909,-109.9124,MX,1645500575,69.17,75,75,3.44
8,Mataura,-46.1927,168.8643,NZ,1645501203,49.6,98,100,2.73
9,Mar del Plata,-38.0023,-57.5575,AR,1645501057,69.31,94,40,11.99
10,Bāgeshwar,29.85,79.7667,IN,1645501203,57.9,33,80,2.24
11,Nikolskoye,59.7035,30.7861,RU,1645501204,33.03,98,100,5.93
12,Nalgonda,17.05,79.2667,IN,1645501204,80.38,49,9,5.88
13,Rikitea,-23.1203,-134.9692,PF,1645501205,77.97,70,33,5.48
14,Atuona,-9.8,-139.0333,PF,1645501205,78.67,74,3,16.78
15,Ancud,-41.8697,-73.8203,CL,1645501205,51.33,72,0,8.79
16,Guayaramerín,-10.8368,-65.3614,BO,1645501206,72.3,99,89,1.99
17,Port Alfred,-33.5906,26.891,ZA,1645501206,64.44,84,58,8.01
18,Butaritari,3.0707,172.7902,KI,1645501207,81.72,79,77,20.15
19,Hobart,-42.8794,147.3294,AU,1645501102,70.2,39,20,9.22
20,Lebu,-37.6167,-73.65,CL,1645500736,55.76,90,57,8.81
21,Arraial do Cabo,-22.9661,-42.0278,BR,1645501208,75.56,91,100,17.43
22,Tadine,-21.55,167.8833,NC,1645501208,83.46,72,95,7.87
23,Sawākin,19.1059,37.3321,SD,1645501208,68.63,59,53,8.12
24,Road Town,18.4167,-64.6167,VG,1645501209,75.99,73,0,16.69
25,Arawa,-6.2132,155.5367,PG,1645501209,85.75,73,71,2.55
26,Geraldton,-28.7667,114.6,AU,1645501210,82.81,57,1,21.85
27,Norman Wells,65.282,-126.8329,CA,1645501210,-11.16,58,20,12.66
28,Bambous Virieux,-20.3428,57.7575,MU,1645501210,80.85,89,75,23.02
29,Piombino,42.9348,10.5221,IT,1645501193,53.56,41,0,5.99
30,Souillac,-20.5167,57.5167,MU,1645501211,80.98,89,75,23.02
31,Saint George,37.1041,-113.5841,US,1645500960,50.58,25,40,13.8
32,Marzuq,14.4,46.4667,YE,1645501212,59.94,34,83,3.8
33,Kaitangata,-46.2817,169.8464,NZ,1645501212,52.38,93,100,8.12
34,Saint Paul Harbor,57.79,-152.4072,US,1645501212,40.51,87,100,14.97
35,Pereslavl'-Zalesskiy,56.7393,38.8563,RU,1645501213,33.39,98,100,11.77
36,Nanortalik,60.1432,-45.2371,GL,1645500671,9.07,76,86,10.65
37,Busselton,-33.65,115.3333,AU,1645501213,84.4,43,0,7.78
38,Clyde River,70.4692,-68.5914,CA,1645501214,-7.37,77,100,26.46
39,Bredasdorp,-34.5322,20.0403,ZA,1645501214,54.28,86,2,2.1
40,Hermanus,-34.4187,19.2345,ZA,1645501215,54.81,82,6,3.58
41,Saint-Augustin,51.226,-58.6502,CA,1645501215,-10.16,67,0,16.67
42,Hilo,19.7297,-155.09,US,1645501216,75.47,85,75,9.22
43,Evans,33.5337,-82.1307,US,1645501216,57.65,81,100,7.0
44,Punta Arenas,-53.15,-70.9167,CL,1645501216,57.31,67,40,17.27
45,Camden,39.7835,-74.9663,US,1645501217,42.35,76,86,1.01
46,Albany,42.6001,-73.9662,US,1645501125,33.03,70,71,0.09
47,Bluff,-46.6,168.3333,NZ,1645501217,56.66,64,96,20.31
48,Manta,-0.95,-80.7333,EC,1645501218,76.78,83,75,5.75
49,Letlhakane,-21.4167,25.5833,BW,1645501218,71.69,67,50,4.34
50,Thompson,55.7435,-97.8558,CA,1645501219,-20.04,69,0,0.0
51,Tuktoyaktuk,69.4541,-133.0374,CA,1645500628,-7.6,64,75,20.71
52,Bengkulu,-3.8004,102.2655,ID,1645500622,84.65,64,100,3.89
53,Halifax,44.6453,-63.5724,CA,1645501220,31.73,92,97,4.61
54,Leshukonskoye,64.8989,45.7622,RU,1645501220,7.92,98,94,3.0
55,San Luis,-33.295,-66.3356,AR,1645501180,60.46,84,97,11.83
56,Dikson,73.5069,80.5464,RU,1645500811,11.73,94,100,12.44
57,Utete,-7.986,38.758,TZ,1645501221,75.97,95,100,1.14
58,Talnakh,69.4865,88.3972,RU,1645501222,15.21,88,100,17.96
59,Novobirilyussy,56.9514,90.6661,RU,1645501222,20.26,82,83,8.93
60,Oistins,13.0667,-59.5333,BB,1645501222,77.09,78,40,16.11
61,Port Elizabeth,-33.918,25.5701,ZA,1645501223,61.09,82,0,8.05
62,Pemberton,50.3164,-122.8027,CA,1645501224,30.06,87,12,6.22
63,São Filipe,14.8961,-24.4956,CV,1645501224,69.87,75,43,8.39
64,Faanui,-16.4833,-151.75,PF,1645500623,81.05,75,100,16.78
65,Bratsk,56.1325,101.6142,RU,1645501225,14.49,91,72,6.49
66,Tuatapere,-46.1333,167.6833,NZ,1645501225,57.7,68,94,12.19
67,Kamina,-8.7386,24.9906,CD,1645501225,62.8,96,100,2.98
68,Hasaki,35.7333,140.8333,JP,1645500649,47.16,35,31,2.46
69,Pushkino,56.0172,37.8667,RU,1645501226,34.02,98,100,11.86
70,Sola,-13.8833,167.55,VU,1645501226,81.27,94,75,2.3
71,Calama,-22.4667,-68.9333,CL,1645501227,57.69,58,0,4.61
72,Bethel,41.3712,-73.414,US,1645501227,33.91,74,0,0.0
73,Isangel,-19.55,169.2667,VU,1645501228,89.71,62,40,6.91
74,Pascagoula,30.3658,-88.5561,US,1645501020,67.82,92,100,11.5
75,Aklavik,68.2191,-135.0107,CA,1645501228,-3.17,78,100,23.2
76,Thai Binh,20.45,106.3333,VN,1645501053,53.6,67,99,8.97
77,Vila,42.0304,-8.1588,PT,1645501229,35.71,88,52,4.27
78,Shirokiy,49.758,129.523,RU,1645501229,6.24,81,97,12.5
79,Jamestown,42.097,-79.2353,US,1645501230,43.32,45,100,3.44
80,Qaanaaq,77.484,-69.3632,GL,1645501230,-7.76,55,25,8.93
81,Esim,4.8699,-2.2405,GH,1645501230,78.96,90,40,7.09
82,Saint-Philippe,-21.3585,55.7679,RE,1645501231,76.59,87,100,25.26
83,Keelung,25.1283,121.7419,TW,1645501231,60.57,92,100,16.73
84,Ambilobe,-13.2,49.05,MG,1645501232,75.99,93,100,6.71
85,Necochea,-38.5473,-58.7368,AR,1645500979,65.03,92,86,9.06
86,Esperance,-33.8667,121.9,AU,1645501232,89.44,40,1,3.38
87,Marfino,55.7028,37.3822,RU,1645501233,34.36,97,100,8.95
88,Barrow,71.2906,-156.7887,US,1645501202,15.82,79,100,12.66
89,Severo-Kuril'sk,50.6789,156.125,RU,1645501138,31.06,81,100,42.55
90,Alta Floresta,-9.8756,-56.0861,BR,1645501234,70.61,98,92,3.67
91,Pacific Grove,36.6177,-121.9166,US,1645501142,48.25,77,20,14.0
92,Valpoi,15.5305,74.1356,IN,1645501234,74.77,29,6,0.94
93,Ribeira Grande,38.5167,-28.7,PT,1645501235,57.06,67,23,1.1
94,Rio Grande,-32.035,-52.0986,BR,1645501235,75.31,84,65,11.56
95,Boralday,43.3578,76.8594,KZ,1645501236,28.26,74,22,2.24
96,Gaoua,10.2992,-3.2508,BF,1645501236,73.17,13,21,4.72
97,Porgera,-5.4667,143.2,PG,1645501236,50.79,94,100,2.82
98,Todos Santos,23.45,-110.2167,MX,1645501237,64.54,78,25,8.95
99,George Town,5.4112,100.3354,MY,1645501131,84.13,82,20,2.3
100,Salinópolis,-0.6136,-47.3561,BR,1645501237,79.61,85,87,12.3
101,Hambantota,6.1241,81.1185,LK,1645501238,82.74,89,40,4.61
102,Waingapu,-9.6567,120.2641,ID,1645501238,81.64,75,99,9.93
103,Constitución,-35.3333,-72.4167,CL,1645501239,56.5,93,63,8.03
104,Cayenne,4.9333,-52.3333,GF,1645501239,76.08,91,100,3.44
105,Kapaa,22.0752,-159.319,US,1645501186,73.54,67,0,14.97
106,Mahébourg,-20.4081,57.7,MU,1645501239,80.89,89,75,23.02
107,Jaciara,-15.9653,-54.9683,BR,1645501240,68.85,95,6,2.44
108,Corner Brook,48.9667,-57.9484,CA,1645501137,21.36,85,70,12.26
109,Dan Khun Thot,15.2085,101.7714,TH,1645501240,75.38,52,9,13.62
110,Amahai,-3.3333,128.9167,ID,1645501241,79.72,78,100,13.56
111,Abadan,38.0507,58.2056,TM,1645501241,44.33,93,100,6.91
112,Along,28.1667,94.7667,IN,1645501242,63.05,52,56,0.98
113,Annau,37.8876,58.516,TM,1645501242,44.1,93,100,6.91
114,Krasnosel'kup,65.7,82.4667,RU,1645501242,17.26,94,100,16.78
115,Beian,63.6559,9.5683,NO,1645501243,31.69,93,75,13.8
116,Tiksi,71.6872,128.8694,RU,1645501243,1.0,87,100,11.59
117,Castro,-24.7911,-50.0119,BR,1645501244,62.91,89,0,1.36
118,Moramanga,-18.9333,48.2,MG,1645501244,64.2,95,100,10.18
119,Nador,35.174,-2.9287,MA,1645501207,50.25,93,0,2.3
120,Vaini,-21.2,-175.2,TO,1645501245,84.36,89,75,12.66
121,Luganville,-15.5333,167.1667,VU,1645501245,85.59,68,63,7.92
122,Avarua,-21.2078,-159.775,CK,1645500731,82.45,83,20,17.27
123,Krutikha,53.9599,81.2093,RU,1645501246,16.95,92,49,6.96
124,New Norfolk,-42.7826,147.0587,AU,1645501246,72.86,22,3,2.95
125,Tasiilaq,65.6145,-37.6368,GL,1645501247,28.56,74,100,37.2
126,Adrar,20.5022,-10.0711,MR,1645501247,78.39,19,100,10.56
127,Yar-Sale,66.8333,70.8333,RU,1645501247,18.27,96,100,8.25
128,College,64.8569,-147.8028,US,1645501067,17.65,81,100,3.44
129,Mandera,3.9366,41.867,KE,1645501248,78.51,37,85,9.13
130,Union City,37.5958,-122.0192,US,1645501052,48.06,75,0,18.41
131,Devecser,47.1032,17.438,HU,1645501248,39.2,79,96,11.03
132,Kavaratti,10.5669,72.642,IN,1645501249,80.92,61,0,9.73
133,Guaratinga,-16.5667,-39.5667,BR,1645501249,74.07,96,3,1.57
134,Twentynine Palms,34.1356,-116.0542,US,1645501250,50.14,46,0,3.0
135,Provideniya,64.3833,-173.3,RU,1645501250,32.11,93,100,24.61
136,Hualmay,-11.0964,-77.6139,PE,1645501250,72.0,80,100,6.17
137,Djenné,13.9061,-4.5533,ML,1645501251,73.47,8,16,9.8
138,Yamada,39.4667,141.95,JP,1645501251,31.89,46,8,20.45
139,Anadyr,64.75,177.4833,RU,1645501252,-3.51,84,75,15.66
140,Iqaluit,63.7506,-68.5145,CA,1645501252,-27.67,75,75,19.57
141,Upernavik,72.7868,-56.1549,GL,1645501252,-25.19,100,100,1.32
142,Beringovskiy,63.05,179.3167,RU,1645501253,1.47,91,100,9.48
143,Amazar,53.858,120.875,RU,1645501253,13.87,58,98,3.58
144,Cidreira,-30.1811,-50.2056,BR,1645501254,72.99,84,67,8.19
145,Makakilo City,21.3469,-158.0858,US,1645501115,77.97,66,100,12.66
146,Prince George,53.9166,-122.753,CA,1645501220,5.4,57,0,12.66
147,Lodja,-3.4833,23.4333,CD,1645501254,70.43,94,100,1.21
148,Pevek,69.7008,170.3133,RU,1645501255,-30.46,95,100,2.24
149,Rapid Valley,44.0625,-103.1463,US,1645501077,-4.54,77,100,26.46
150,Emba,48.8264,58.1442,KZ,1645501255,30.45,99,99,5.7
151,Mpraeso,6.5932,-0.7346,GH,1645501256,71.04,94,62,1.99
152,East London,-33.0153,27.9116,ZA,1645500555,65.34,88,0,2.3
153,Sungai Raya,0.7,108.9,ID,1645501256,85.71,61,100,2.86
154,Ambanja,-13.6833,48.45,MG,1645501257,75.13,93,100,2.15
155,Ponta do Sol,32.6667,-17.1,PT,1645501257,63.1,52,44,11.25
156,Naryan-Mar,67.6713,53.087,RU,1645501257,8.58,96,99,5.26
157,Tezu,27.9167,96.1667,IN,1645501258,68.23,26,21,3.33
158,Seoul,37.5683,126.9778,KR,1645501200,29.95,30,0,12.66
159,Namatanai,-3.6667,152.4333,PG,1645501258,84.65,66,50,7.23
160,Aykhal,66.0,111.5,RU,1645501259,8.42,82,26,10.85
161,Athabasca,54.7169,-113.2854,CA,1645501259,-19.01,94,63,4.54
162,Vao,-22.6667,167.4833,NC,1645501260,80.19,80,96,11.95
163,Kalas,18.1667,74.8,IN,1645501260,79.2,17,19,4.05
164,Saskylakh,71.9167,114.0833,RU,1645501261,10.83,91,100,5.57
165,Zhigansk,66.7697,123.3711,RU,1645501261,-6.11,96,96,11.21
166,Sept-Îles,50.2001,-66.3821,CA,1645500961,-5.28,41,75,12.66
167,Srednekolymsk,67.45,153.6833,RU,1645501262,-27.31,94,61,5.3
168,Lorengau,-2.0226,147.2712,PG,1645501262,77.22,91,100,13.22
169,Mandalgovi,45.7625,106.2708,MN,1645501262,15.37,49,0,10.18
170,Chulym,55.0997,80.9572,RU,1645501263,19.72,95,92,10.42
171,Portland,45.5234,-122.6762,US,1645501091,36.39,92,75,6.91
172,Hong Kong,22.2855,114.1577,HK,1645501012,50.95,93,100,8.99
173,Médéa,36.2642,2.7539,DZ,1645501263,32.45,72,0,2.26
174,Zhezkazgan,47.8043,67.7144,KZ,1645501264,13.98,79,100,11.18
175,Paita,-5.0892,-81.1144,PE,1645501264,71.82,79,54,8.23
176,Bonoua,5.2741,-3.595,CI,1645501265,78.42,93,97,4.45
177,Poum,-20.2333,164.0167,NC,1645501265,83.12,75,80,20.07
178,Moose Factory,51.2585,-80.6094,CA,1645501266,-20.22,69,0,2.3
179,Eureka,40.8021,-124.1637,US,1645500969,41.49,81,80,14.38
180,Belmonte,-15.8631,-38.8828,BR,1645501266,75.7,83,14,2.08
181,Celestún,20.8667,-90.4,MX,1645501267,78.57,63,0,11.43
182,Dudinka,69.4058,86.1778,RU,1645501267,15.62,93,100,21.09
183,Sokoni,-6.4333,39.55,TZ,1645501268,78.66,82,100,11.23
184,Hargeisa,9.56,44.065,SO,1645501268,60.03,86,76,13.02
185,Buin,-33.7333,-70.75,CL,1645501268,61.72,75,26,2.73
186,Villa Unión,23.2,-106.2333,MX,1645501269,69.76,56,20,0.0
187,Alofi,-19.0595,-169.9187,NU,1645501269,76.89,88,100,5.75
188,Mahdalynivka,48.921,34.9156,UA,1645501270,32.58,87,100,11.18
189,Zeya,53.75,127.2667,RU,1645501270,11.39,56,68,4.5
190,Mandlā,22.6,80.3833,IN,1645501271,76.71,16,0,3.22
191,Puerto Ayora,-0.7393,-90.3518,EC,1645501271,77.56,92,25,3.0
192,Karachi,24.9056,67.0822,PK,1645501176,73.22,78,0,11.5
193,Severnoye,56.3491,78.3619,RU,1645501272,23.07,95,95,7.92
194,Grindavik,63.8424,-22.4338,IS,1645500768,36.07,93,75,14.97
195,Port-Gentil,-0.7193,8.7815,GA,1645501272,80.76,81,96,8.25
196,Berlevåg,70.8578,29.0864,NO,1645501272,15.8,78,100,5.3
197,Buraidah,26.326,43.975,SA,1645501273,45.05,36,1,3.85
198,Sinnamary,5.3833,-52.95,GF,1645501273,76.71,90,100,6.22
199,Marsh Harbour,26.5412,-77.0636,BS,1645501274,72.93,77,20,18.25
200,Bilma,18.6853,12.9164,NE,1645501274,63.73,11,0,5.77
201,Takoradze,4.8845,-1.7554,GH,1645501275,78.76,91,37,6.98
202,Berbera,10.4396,45.0143,SO,1645501275,74.12,77,33,2.04
203,Dordrecht,51.81,4.6736,NL,1645501275,40.89,88,54,4.0
204,Otradnoye,59.7775,30.8181,RU,1645501276,33.01,99,100,5.68
205,Havelock,34.8791,-76.9013,US,1645501276,58.75,85,100,3.0
206,Fatsa,41.0278,37.5014,TR,1645501082,40.8,68,9,9.69
207,Chul'man,56.8479,124.9104,RU,1645501277,12.4,87,100,6.04
208,Meulaboh,4.1363,96.1285,ID,1645501277,84.31,68,85,1.05
209,Sawtell,-30.3833,153.1,AU,1645501278,73.72,92,75,5.75
210,Siderno,38.2779,16.302,IT,1645501278,48.79,75,35,25.32
211,Kavieng,-2.5744,150.7967,PG,1645501278,81.95,76,100,10.85
212,Muroto-misakicho,33.2833,134.15,JP,1645501279,51.84,43,8,18.28
213,Terney,45.0503,136.6092,RU,1645501279,18.34,64,100,11.86
214,Mount Isa,-20.7333,139.5,AU,1645501280,94.77,15,5,6.91
215,Coquimbo,-29.9533,-71.3436,CL,1645501159,60.53,88,0,5.75
216,Kapuskasing,49.4169,-82.4331,CA,1645501280,-7.6,71,100,6.91
217,Stokmarknes,68.5646,14.9108,NO,1645501281,19.49,86,22,5.03
218,Husavik,66.0449,-17.3389,IS,1645501281,35.91,79,82,54.72
219,Sulangan,11.1373,123.7228,PH,1645501282,80.49,78,100,15.57
220,Vila Franca do Campo,37.7167,-25.4333,PT,1645501282,59.2,70,91,7.11
221,Princeton,25.5384,-80.4089,US,1645501283,70.56,81,0,5.75
222,Evensk,61.95,159.2333,RU,1645501283,-9.65,82,1,3.6
223,Narsaq,60.9167,-46.05,GL,1645501283,-3.78,72,96,7.11
224,Samarai,-10.6167,150.6667,PG,1645501284,85.64,70,100,9.13
225,Waterloo,43.4668,-80.5164,CA,1645501284,33.31,93,100,12.66
226,Tashtyp,52.7939,89.8983,RU,1645501285,20.44,76,86,1.97
227,Almaznyy,48.0448,40.045,RU,1645501285,32.14,94,100,7.52
228,Chui,-33.6971,-53.4616,UY,1645501285,66.33,85,17,9.66
229,Wanlaweyn,2.6185,44.8938,SO,1645501286,75.11,78,51,12.62
230,Williston,48.147,-103.618,US,1645500720,-9.47,71,100,1.01
231,Chipinge,-20.1883,32.6236,ZW,1645501286,62.28,97,25,3.2
232,Praia da Vitória,38.7333,-27.0667,PT,1645501287,52.05,87,20,3.6
233,Valentín Gómez Farías,28.2167,-106.5833,MX,1645501287,52.54,37,59,27.11
234,Victoria Point,-27.5833,153.3,AU,1645501288,82.67,76,4,5.01
235,Mīnāb,27.1467,57.0801,IR,1645500703,58.5,65,2,3.04
236,Lavrentiya,65.5833,-171.0,RU,1645501288,23.79,97,100,4.7
237,Vostok,46.4856,135.8833,RU,1645501288,7.39,86,100,7.72
238,Codrington,-38.2667,141.9667,AU,1645501289,66.06,52,0,18.12
239,Xining,36.6167,101.7667,CN,1645501289,21.36,43,2,4.59
240,Sheffield,53.383,-1.4659,GB,1645501272,43.47,88,100,1.99
241,Knyaze-Volkonskoye,48.4642,135.4567,RU,1645501290,6.3,79,100,9.73
242,Cobija,-11.0267,-68.7692,BO,1645501290,71.11,98,90,1.52
243,Cap Malheureux,-19.9842,57.6142,MU,1645501291,82.47,83,100,13.0
244,Sioux Lookout,50.1001,-91.917,CA,1645501291,-9.33,64,100,4.61
245,Puerto Plata,19.7934,-70.6884,DO,1645501291,69.6,100,20,0.0
246,Ceuta,35.8903,-5.3075,ES,1645501292,55.44,86,7,7.78
247,Fortuna,40.5982,-124.1573,US,1645501292,41.11,93,75,6.91
248,Beloha,-25.1667,45.05,MG,1645501293,75.96,82,0,11.1
249,Leningradskiy,69.3833,178.4167,RU,1645501293,-22.65,98,100,10.83
250,Cherskiy,68.75,161.3,RU,1645501293,-41.91,97,100,4.18
251,Malibu,34.005,-118.8101,US,1645501294,53.28,87,0,2.57
252,Vila Velha,-20.3297,-40.2925,BR,1645500794,74.95,94,0,3.44
253,Ulcinj,41.9294,19.2244,ME,1645501294,51.93,88,100,4.99
254,Tagāb,34.855,69.6492,AF,1645501296,42.75,84,99,6.38
255,Dobruševo,41.1686,21.4825,MK,1645501296,44.67,86,66,2.33
256,Pantai Remis,4.4557,100.6288,MY,1645501297,86.02,67,92,3.71
257,Nizhniy Kuranakh,58.8353,125.4869,RU,1645501297,16.75,92,100,10.49
258,São João da Barra,-21.6403,-41.0511,BR,1645501297,76.24,92,100,8.63
259,Marawi,7.9986,124.2928,PH,1645501298,73.65,47,97,5.95
260,Deputatsky,69.3,139.9,RU,1645501298,-15.18,79,95,4.88
261,Tsuruoka,38.7217,139.8217,JP,1645501299,32.04,55,75,21.85
262,Half Moon Bay,37.4636,-122.4286,US,1645501299,47.98,78,100,19.57
263,Alice Springs,-23.7,133.8833,AU,1645501299,87.35,25,0,5.75
264,Te Anau,-45.4167,167.7167,NZ,1645501300,56.68,91,98,1.86
265,Galle,6.0367,80.217,LK,1645501225,82.69,73,25,1.95
266,Avenal,36.0041,-120.129,US,1645501300,45.32,39,15,5.61
267,Den Helder,52.9599,4.7593,NL,1645501301,42.64,83,100,17.0
268,Callaguip,18.0714,120.4867,PH,1645501301,84.22,74,75,5.75
269,Rocha,-34.4833,-54.3333,UY,1645501302,67.66,78,99,9.42
270,Sitka,57.0531,-135.33,US,1645501302,33.69,51,20,4.61
271,Poyarkovo,49.6,128.6833,RU,1645501302,5.7,82,82,9.57
272,Brae,60.3964,-1.353,GB,1645501303,40.91,60,100,29.08
273,Airai,-8.9266,125.4092,TL,1645501303,62.67,92,100,2.95
274,Lovozero,68.005,35.0117,RU,1645501303,2.46,100,100,3.24
275,Rawson,-43.3002,-65.1023,AR,1645501304,55.06,59,87,7.16
276,Dolisie,-4.1997,12.6739,CG,1645501304,70.61,97,99,1.21
277,Ust'-Kulom,61.6864,53.6902,RU,1645501305,12.52,98,95,3.51
278,Peterhead,57.5058,-1.7981,GB,1645501305,40.98,87,100,30.74
279,Chokurdakh,70.6333,147.9167,RU,1645500571,-36.0,97,79,6.11
280,Durango,24.8333,-104.8333,MX,1645501122,51.78,60,0,8.79
281,Hluti,-27.2167,31.6167,SZ,1645501306,69.06,96,91,2.13
282,Nioro,13.35,-15.75,GM,1645501306,72.95,33,43,4.94
283,Akdepe,42.0551,59.3788,TM,1645501307,33.89,46,70,5.14
284,Porto Murtinho,-21.6989,-57.8825,BR,1645501307,80.01,70,4,6.04
285,Harper,4.375,-7.7169,LR,1645501307,78.55,88,100,8.9
286,Taltal,-25.4,-70.4833,CL,1645501308,68.67,76,0,3.51
287,Emirdağ,39.0197,31.15,TR,1645501308,41.81,91,100,5.39
288,Hithadhoo,-0.6,73.0833,MV,1645501309,82.76,71,100,8.32
289,Bonthe,7.5264,-12.505,SL,1645501309,74.41,83,100,3.74
290,Inhambane,-23.865,35.3833,MZ,1645501309,78.94,69,90,11.48
291,Basco,20.4487,121.9702,PH,1645501310,72.72,84,100,24.79
292,Doiceşti,44.9833,25.4,RO,1645501310,44.6,99,82,5.32
293,Katangli,51.7102,143.2326,RU,1645501311,5.27,73,98,21.36
294,Iralaya,15.0,-83.2333,HN,1645501311,76.66,81,100,9.86
295,Marevo,57.3146,32.0804,RU,1645501311,32.05,91,76,10.96
296,Tārūt,26.5733,50.0369,SA,1645501312,54.48,54,5,13.2
297,Gizo Government Station,-8.103,156.8419,SB,1645501312,84.87,69,100,4.54
298,Northam,51.0333,-4.2167,GB,1645501312,50.32,97,99,19.93
299,Salalah,17.0151,54.0924,OM,1645501313,69.89,73,0,3.44
300,Horsham,51.064,-0.3272,GB,1645501017,43.63,85,75,6.91
301,Les Cayes,18.2,-73.75,HT,1645501313,73.08,82,0,4.27
302,Yabēlo,4.8833,38.0833,ET,1645501314,66.58,49,100,4.5
303,Mogadishu,2.0371,45.3438,SO,1645501314,76.87,83,40,10.36
304,Pangnirtung,66.1451,-65.7125,CA,1645501315,-27.63,96,99,1.39
305,Torbay,47.6666,-52.7314,CA,1645501315,34.88,83,20,27.63
306,Bandarbeyla,9.4942,50.8122,SO,1645501315,76.8,77,44,15.19
307,Nekā,36.6508,53.299,IR,1645501316,38.71,100,99,4.61
308,Ghanzi,-21.5667,21.7833,BW,1645501316,73.27,37,71,9.57
309,Port Hardy,50.6996,-127.4199,CA,1645501317,37.58,35,0,19.57
310,Lubao,14.9167,120.55,PH,1645501317,84.13,60,99,17.34
311,Dicabisagan,17.0818,122.4157,PH,1645501317,75.61,91,100,7.45
312,Caravelas,-17.7125,-39.2481,BR,1645501318,74.26,91,2,1.72
313,Aksu,41.1231,80.2644,CN,1645501318,33.17,36,0,0.72
314,Vestmanna,62.1564,-7.1664,FO,1645501319,36.52,93,100,24.16
315,Camapuã,-19.5314,-54.0439,BR,1645501319,70.81,94,0,2.68
316,Bathsheba,13.2167,-59.5167,BB,1645501319,77.61,78,40,16.11
317,Tefé,-3.3542,-64.7114,BR,1645501320,73.31,97,65,1.52
318,Kroya,-7.6331,109.2461,ID,1645501320,84.56,69,75,5.35
319,Flinders,-34.5833,150.8552,AU,1645501321,67.33,91,100,9.86
320,Mae Hong Son,19.3003,97.9685,TH,1645501321,77.14,65,20,4.61
321,Los Llanos de Aridane,28.6585,-17.9182,ES,1645501321,54.12,78,0,8.05
322,San Patricio,28.017,-97.5169,US,1645501322,69.08,89,0,21.88
323,Maba,24.6841,113.5984,CN,1645501322,40.28,97,100,3.6
324,Monroe,43.1501,-77.6831,US,1645500979,32.43,86,75,9.22
325,Kasempa,-13.4584,25.8338,ZM,1645501323,61.09,98,97,3.56
326,Seryshevo,51.0933,128.3786,RU,1645501323,9.57,74,43,10.18
327,Mayo,38.8876,-76.5119,US,1645501324,46.44,86,0,8.05
328,Tura,25.5198,90.2201,IN,1645501324,72.27,34,0,1.88
329,Camacha,33.0833,-16.3333,PT,1645501324,58.42,72,40,14.97
330,Havre-St-Pierre,50.2334,-63.5986,CA,1645501325,0.59,46,0,17.27
331,Netivot,31.4222,34.5886,IL,1645501329,47.64,72,7,2.82
332,Comodoro Rivadavia,-45.8667,-67.5,AR,1645501329,46.26,81,0,2.3
333,Faya,18.3851,42.4509,SA,1645501330,45.12,36,51,1.88
334,Roswell,34.0232,-84.3616,US,1645501086,52.12,95,100,8.05
335,Lebyazh'ye,55.2689,66.4947,RU,1645501330,24.6,95,100,10.4
336,Bubaque,11.2833,-15.8333,GW,1645501331,75.27,71,14,11.83
337,Palāsa,18.7667,84.4167,IN,1645501331,80.94,60,39,4.43
338,Fort Nelson,58.8053,-122.7002,CA,1645501281,-13.41,84,0,4.61
339,Sandakan,5.8402,118.1179,MY,1645501332,79.63,83,20,3.44
340,Port Hedland,-20.3167,118.5667,AU,1645501332,95.05,52,62,10.36
341,Ketchikan,55.3422,-131.6461,US,1645501332,28.87,43,0,0.0
342,Mafinga,-7.25,35.0667,TZ,1645501333,64.4,97,100,2.71
343,Khatanga,71.9667,102.5,RU,1645501333,4.39,90,100,3.27
344,Ilulissat,69.2167,-51.1,GL,1645501334,-2.18,71,20,9.22
345,Palu,-0.8917,119.8707,ID,1645501158,84.94,60,100,3.71
346,Beyla,8.6833,-8.6333,GN,1645501334,67.98,83,69,2.3
347,Sujangarh,27.7011,74.4649,IN,1645501335,70.93,38,30,16.04
348,Katsuura,35.1333,140.3,JP,1645501335,44.4,46,51,17.49
349,Livingstone,-17.8419,25.8543,ZM,1645501336,64.33,89,21,3.0
350,Sur,22.5667,59.5289,OM,1645501336,73.81,62,0,15.37
351,Petrovsk-Zabaykal'skiy,51.273,108.843,RU,1645501336,12.96,79,97,4.16
352,Winslow,35.0242,-110.6974,US,1645501337,44.87,47,0,19.57
353,Fakel,57.6325,53.0252,RU,1645501337,24.91,96,100,7.74
354,Tibiri,13.5627,7.0485,NE,1645501338,62.49,13,3,10.8
355,Ranong,9.9658,98.6348,TH,1645501338,85.93,65,80,4.92
356,Aranda de Duero,41.6704,-3.6892,ES,1645501338,36.43,48,11,3.04
357,Korla,41.7597,86.1469,CN,1645501339,33.33,36,0,5.91
358,Safford,32.834,-109.7076,US,1645501339,54.23,37,0,11.5
359,Creel,27.75,-107.6333,MX,1645501340,38.8,92,21,14.32
360,Waddān,29.1614,16.139,LY,1645501340,54.14,71,15,0.76
361,Lompoc,34.6391,-120.4579,US,1645501212,49.21,73,100,27.0
362,Manaure,11.7751,-72.4445,CO,1645501341,76.1,77,20,13.85
363,‘Ewa Beach,21.3156,-158.0072,US,1645501243,78.89,65,100,12.66
364,Alihe,50.5667,123.7167,CN,1645501341,10.0,59,5,4.59
365,Kruisfontein,-34.0033,24.7314,ZA,1645501341,54.88,91,14,4.47
366,Mount Gambier,-37.8333,140.7667,AU,1645501342,71.51,35,0,10.36
367,Mocajuba,-2.5842,-49.5072,BR,1645501342,73.24,98,96,2.33
368,Destin,30.3935,-86.4958,US,1645501300,63.41,95,100,10.36
369,Bonavista,48.6499,-53.1147,CA,1645501343,26.6,69,42,23.0
370,Aasiaat,68.7098,-52.8699,GL,1645501343,-2.76,90,100,8.77
371,Langenburg,49.2544,9.8458,DE,1645501344,38.25,81,40,16.11
372,Samfya,-11.3649,29.5565,ZM,1645501344,63.91,96,100,5.73
373,Coyhaique,-45.5752,-72.0662,CL,1645501264,53.55,50,0,6.91
374,Paamiut,61.994,-49.6678,GL,1645501344,-5.33,83,98,9.69
375,Bashmakovo,53.2133,43.0342,RU,1645501345,31.69,89,100,15.32
376,Soyo,-6.1349,12.3689,AO,1645501345,79.09,82,100,1.61
377,Saldanha,-33.0117,17.9442,ZA,1645501346,59.05,88,1,9.26
378,Progreso,21.2833,-89.6667,MX,1645501346,77.11,65,0,11.34
379,Santa Maria,-29.6842,-53.8069,BR,1645501178,74.5,78,0,3.44
380,Sémbé,1.6481,14.5806,CG,1645501347,70.72,74,88,1.48
381,Arrondissement de Libourne,44.9167,-0.25,FR,1645501347,47.91,96,14,4.97
382,Schruns,47.0709,9.9475,AT,1645501348,28.0,97,100,7.2
383,Mahenge,-8.6833,36.7167,TZ,1645501348,66.24,87,100,1.52
384,Yamethin,20.4333,96.15,MM,1645501348,78.51,43,80,4.97
385,Laurel,39.0993,-76.8483,US,1645501131,46.69,72,0,3.44
386,Tahe,52.3333,124.7333,CN,1645501349,12.99,59,9,6.91
387,Svetlaya,46.5389,138.3297,RU,1645501349,22.37,59,100,9.98
388,Shakawe,-18.3667,21.85,BW,1645501350,66.54,81,15,1.86
389,Saint-Leu,-21.15,55.2833,RE,1645501350,76.06,77,100,12.91
390,Ust'-Ilimsk,58.0006,102.6619,RU,1645501350,23.07,85,53,6.33
391,Kahului,20.8947,-156.47,US,1645501122,77.67,77,40,16.11
392,Lagoa,39.05,-27.9833,PT,1645501351,56.57,65,12,3.2
393,Ostrovnoy,68.0531,39.5131,RU,1645500829,21.4,82,100,10.0
394,Kuusamo,65.9667,29.1833,FI,1645501352,-3.96,84,100,4.61
395,Romny,50.751,33.4747,UA,1645501352,37.92,83,100,10.36
396,Kupang,-10.1667,123.5833,ID,1645501352,76.42,90,100,4.85
397,Lázaro Cárdenas,17.9583,-102.2,MX,1645501104,76.37,75,0,4.52
398,Najrān,17.4924,44.1277,SA,1645501353,52.45,31,73,1.99
399,Talcahuano,-36.7167,-73.1167,CL,1645501353,56.88,88,20,11.5
400,Mossamedes,-15.1961,12.1522,AO,1645501354,75.7,84,100,2.04
401,Itapora,-22.0799,-54.7874,BR,1645501354,70.88,93,12,0.87
402,Ritchie,-29.038,24.6028,ZA,1645501354,54.61,28,0,5.44
403,Shumskiy,54.8318,99.1328,RU,1645501355,21.2,78,13,5.01
404,Phonhong,18.5007,102.4166,LA,1645501355,67.82,61,69,1.95
405,Shubarkuduk,49.1447,56.4872,KZ,1645501356,32.9,99,100,5.84
406,Mbala,-8.8402,31.3659,ZM,1645501356,60.03,93,100,0.94
407,Shiyan,32.6475,110.7781,CN,1645501356,48.81,39,100,2.93
408,Raudeberg,61.9875,5.1352,NO,1645501357,28.0,91,69,1.01
409,San Quintín,30.4833,-115.95,MX,1645501357,57.18,73,43,12.15
410,Voznesen'ye,61.0106,35.4781,RU,1645501358,26.76,96,100,12.44
411,Uch,45.3192,-0.9345,FR,1645501358,47.08,92,1,5.57
412,Collie,-33.3667,116.15,AU,1645501358,93.52,16,0,4.41
413,Vaitape,-16.5167,-151.75,PF,1645501359,81.05,75,100,16.62
414,Aniva,46.7144,142.5294,RU,1645501359,21.11,74,100,18.23
415,Atbasar,51.8,68.3333,KZ,1645501359,24.13,96,100,7.74
416,Isiro,2.7739,27.616,CD,1645501360,59.09,40,87,2.06
417,Ust'-Koksa,50.2696,85.6108,RU,1645501360,17.55,75,79,1.32
418,Carnarvon,-24.8667,113.6333,AU,1645501361,86.07,66,10,18.41
419,Rundu,-17.9333,19.7667,NA,1645501361,66.99,82,61,2.17
420,Centralia,46.7162,-122.9543,US,1645501361,37.15,64,100,8.05
421,La Paz,-16.5,-68.15,BO,1645501211,46.38,87,75,4.61
422,Hals,56.9961,10.3081,DK,1645501362,33.28,83,76,8.97
423,Del Rio,29.3627,-100.8968,US,1645501162,81.28,43,0,13.8
424,Whithorn,18.2604,-78.0378,JM,1645501363,74.46,92,7,4.97
425,Vestmannaeyjar,63.4427,-20.2734,IS,1645500817,35.96,92,84,60.73
426,Nemuro,43.3236,145.575,JP,1645501363,25.23,72,86,21.59
427,Ozernovskiy,51.5,156.5167,RU,1645501363,31.86,74,100,30.87
428,Saint-Joseph,-21.3667,55.6167,RE,1645501364,75.58,84,100,21.14
429,Dingle,10.9995,122.6711,PH,1645501364,82.54,68,100,13.53
430,Oneida,43.2001,-75.4663,US,1645501365,38.48,63,0,8.05
431,Ust-Kuyga,70.0167,135.6,RU,1645501365,-17.43,87,87,8.08
432,Haines Junction,60.7522,-137.5108,CA,1645501365,1.35,66,100,1.14
433,Havøysund,70.9963,24.6622,NO,1645501366,16.68,78,100,7.47
434,Chapais,49.7834,-74.8492,CA,1645501366,-16.82,91,100,4.27
435,Olinda,-8.0089,-34.8553,BR,1645501366,80.33,74,75,5.75
436,Wuzhou,23.4833,111.3167,CN,1645501367,43.72,80,100,3.98
437,Choma,-16.8065,26.9531,ZM,1645501367,60.94,92,25,1.95
438,Kapit,2.0167,112.9333,MY,1645501368,89.76,54,96,0.47
439,Ahipara,-35.1667,173.1667,NZ,1645501368,73.85,68,17,3.09
440,Burnie,-41.0667,145.9167,AU,1645501368,62.28,64,100,11.54
441,Rezh,57.37,61.4043,RU,1645501369,16.97,96,85,5.88
442,Shebalino,51.2917,85.6772,RU,1645501369,29.32,64,83,3.62
443,Tarnogskiy Gorodok,60.4997,43.5761,RU,1645501370,17.76,98,100,4.25
444,Atambua,-9.1061,124.8925,ID,1645501370,73.62,91,100,4.41
445,Zaraza,9.3503,-65.3245,VE,1645501370,75.74,74,68,8.99
446,Buta,2.7858,24.73,CD,1645501371,62.67,46,90,1.66
447,Lithakia,37.7167,20.8333,GR,1645501371,51.17,75,47,11.86
448,Kralendijk,12.15,-68.2667,BQ,1645501371,76.98,78,20,10.36
449,San Felice sul Panaro,44.8332,11.1426,IT,1645501372,38.32,70,0,7.87
450,Klaksvík,62.2266,-6.589,FO,1645501372,38.32,98,100,46.26
451,Venta,56.2,22.7,LT,1645501373,34.48,94,100,18.12
452,Itaituba,-4.2761,-55.9836,BR,1645501373,73.6,96,86,2.04
453,Suntar,62.1444,117.6319,RU,1645501373,18.7,87,87,9.13
454,Los Zacatones,22.95,-102.05,MX,1645501374,61.65,38,42,13.29
455,Port Hawkesbury,45.6169,-61.3485,CA,1645501374,31.91,89,100,5.99
456,Tautira,-17.7333,-149.15,PF,1645501374,87.82,75,18,15.75
457,Honningsvåg,70.9821,25.9704,NO,1645501375,15.33,73,100,8.16
458,Kiruna,67.8557,20.2251,SE,1645501375,4.12,92,100,0.0
459,Chumikan,54.7183,135.315,RU,1645501376,6.71,75,75,21.85
460,Bambanglipuro,-7.95,110.2833,ID,1645501376,85.14,67,84,8.68
461,Unecha,52.8459,32.6739,RU,1645501376,35.56,93,100,11.79
462,Calvià,39.5657,2.5062,ES,1645501377,49.86,78,1,8.12
463,Goma,-1.6792,29.2228,CD,1645501377,63.43,71,100,3.71
464,Wewak,-3.5534,143.6268,PG,1645501378,80.24,84,99,8.77
465,Kumul,42.8,93.45,CN,1645501378,35.51,26,0,4.7
466,Koumac,-20.5667,164.2833,NC,1645501378,87.35,59,58,2.13
467,Nardaran,40.5561,50.0056,AZ,1645501379,44.24,87,0,11.5
468,Oranjemund,-28.55,16.4333,NA,1645501379,61.25,93,0,6.89
469,Longyearbyen,78.2186,15.6401,SJ,1645501379,-2.36,78,20,4.61
470,Cockburn Town,21.4612,-71.1419,TC,1645501291,77.04,75,1,21.18
471,Ōmagari,39.45,140.4833,JP,1645501380,30.96,70,100,20.58
472,Price,39.5994,-110.8107,US,1645501209,31.42,64,100,11.5
473,Lüderitz,-26.6481,15.1594,NA,1645501381,69.66,59,22,13.56
474,Oeiras,-7.0253,-42.1311,BR,1645501381,75.88,77,92,3.18
475,Marabu,4.4148,114.0089,MY,1645501382,86.14,70,40,4.61
476,Tshikapa,-6.4167,20.8,CD,1645501382,70.68,91,100,0.56
477,Navolato,24.7672,-107.6944,MX,1645501382,73.58,79,44,6.96
478,Monrovia,6.3005,-10.7969,LR,1645501219,75.4,81,100,4.54
479,Kirakira,-10.4544,161.9205,SB,1645501383,84.52,75,96,4.21
480,Camopi,3.1655,-52.3158,GF,1645501383,72.41,99,100,1.74
481,Ayan,56.45,138.1667,RU,1645501384,8.2,63,1,8.97
482,Hervey Bay,-25.2986,152.8535,AU,1645501384,85.03,73,7,7.0
483,Beroroha,-21.6667,45.1667,MG,1645501385,77.72,67,21,5.75
484,Hofn,64.2539,-15.2082,IS,1645501385,39.2,97,100,46.46
485,Sebring,27.4956,-81.4409,US,1645501385,64.13,85,0,5.75
486,Kemijärvi,66.7131,27.4306,FI,1645501386,-0.87,100,93,2.24
487,Fare,-16.7,-151.0167,PF,1645501386,81.54,74,100,16.91
488,Banjar,-8.19,114.9675,ID,1645501387,83.91,73,88,0.83
489,Taoudenni,22.6783,-3.9836,ML,1645501387,75.6,11,94,6.89
490,Balikpapan,-1.2675,116.8289,ID,1645501387,85.19,74,20,6.91
491,Juneau,58.3019,-134.4197,US,1645501241,24.8,39,75,6.91
492,Chara,56.9064,118.2631,RU,1645501388,7.68,81,87,1.43
493,Fort Frances,48.5999,-93.4003,CA,1645501388,-5.78,79,100,10.36
494,Agarak,39.2068,46.5446,AM,1645501389,38.77,60,23,3.18
495,Lukovetskiy,64.2956,41.9211,RU,1645501389,-0.02,100,94,2.62
496,Kazygurt,41.7589,69.3864,KZ,1645501389,37.33,42,99,2.62
497,Dapdap,12.062,125.4881,PH,1645501390,79.18,85,100,18.23
498,Ürümqi,43.801,87.6005,CN,1645501202,7.75,79,8,2.24
499,Lubumbashi,-11.6609,27.4794,CD,1645501390,60.51,98,100,3.71
500,Boende,-0.2167,20.8667,CD,1645501391,70.75,74,92,2.51
501,Ulaangom,49.9811,92.0667,MN,1645501391,-9.33,97,97,3.27
502,Sovetskiy,61.3614,63.5842,RU,1645501392,18.61,92,82,8.37
503,Casper,42.8666,-106.3131,US,1645501349,-3.48,77,100,19.57
504,Phalaborwa,-23.943,31.1411,ZA,1645501392,70.88,90,76,6.17
505,Forbes,-33.3833,148.0167,AU,1645501392,90.91,27,57,6.78
506,Buchanan,5.8808,-10.0467,LR,1645501393,75.85,85,100,4.7
507,Tilichiki,60.4667,166.1,RU,1645501393,-13.63,87,61,10.54
508,Westport,41.1415,-73.3579,US,1645501394,35.56,81,0,1.99
509,Tabou,4.423,-7.3528,CI,1645501394,77.74,90,100,8.05
510,Moosomin,50.1333,-101.6677,CA,1645501311,-20.7,96,93,4.94
511,Bad Kreuznach,49.8333,7.8667,DE,1645501395,41.58,72,23,12.93
512,Stromness,58.965,-3.296,GB,1645501395,40.96,82,100,37.2
513,Seabra,-12.4186,-41.7703,BR,1645501395,64.89,94,52,2.42
514,Port Maria,18.3685,-76.8895,JM,1645501396,68.38,94,10,10.6
515,Anáhuac,27.2333,-100.15,MX,1645501396,76.59,52,1,23.15
516,Pisco,-13.7,-76.2167,PE,1645501397,71.65,88,75,1.14
517,Solnechnyy,50.7214,136.6319,RU,1645501397,13.42,85,49,4.21
518,Chadiza,-14.0678,32.4392,ZM,1645501397,63.5,98,100,1.45
519,Yuzhnyy,53.2542,83.6936,RU,1645501398,17.98,57,0,8.95
520,Karratha,-20.7377,116.8463,AU,1645501398,94.66,42,77,13.73
521,Bhūm,18.4667,75.6667,IN,1645501399,80.37,15,27,6.08
522,Hobyo,5.3505,48.5268,SO,1645501399,78.76,83,11,16.02
523,Khrebtovaya,56.7032,104.2494,RU,1645501399,19.92,83,20,5.35
524,Tazovsky,67.4667,78.7,RU,1645501400,15.28,94,100,11.56
525,Forio,40.7342,13.8646,IT,1645501400,46.67,74,95,15.5
526,Caucayá,-0.1934,-74.7819,CO,1645501401,79.09,56,100,2.17
527,Bunia,1.5667,30.25,CD,1645501401,64.27,35,100,0.25
528,Esso,55.9333,158.7,RU,1645501401,16.38,88,100,3.2
529,Maragogi,-9.0122,-35.2225,BR,1645501402,77.2,81,13,6.91
530,Ucluelet,48.9329,-125.5528,CA,1645501402,35.71,56,18,11.16
531,Zachepylivka,49.1939,35.2394,UA,1645501402,38.1,87,100,11.68
532,Bima,-8.4667,118.7167,ID,1645501403,83.35,73,85,2.15
533,Goulburn,-34.75,149.7167,AU,1645501403,64.63,94,100,10.13
534,Sorong,-0.8833,131.25,ID,1645501404,77.68,87,100,10.49
535,Asău,46.4333,26.4,RO,1645501404,42.04,70,100,2.01
536,Belaya Gora,68.5333,146.4167,RU,1645501404,-29.6,93,86,3.11
537,Sheregesh,52.9209,87.9869,RU,1645501405,25.2,83,97,2.68
538,Atyrau,47.1167,51.8833,KZ,1645501256,35.62,100,100,11.18
539,Yeniseysk,58.4497,92.1703,RU,1645501405,13.86,87,81,6.38
540,San Policarpo,12.1791,125.5072,PH,1645501406,79.27,84,100,19.13
541,Okhotsk,59.3833,143.3,RU,1645501406,-1.19,73,0,16.44
542,Rome,43.2128,-75.4557,US,1645501407,38.35,63,0,8.05
543,Port Blair,11.6667,92.75,IN,1645501407,82.44,74,20,8.05
544,Coahuayana Viejo,18.7333,-103.6833,MX,1645501408,71.55,75,1,2.08
